category,model_version,tender_id,display_date,train_end_tender,actual,previous_premium,structural,persistence,historical_mean_drift,two_tender_seasonal,lower,upper,selected_alpha,n_train,dealer_observation_count,dealer_brand_count,weighted_advertised_price,weighted_price_change,weighted_coe_rebate,weighted_total_incentive,weighted_guaranteed_coe_share,weighted_promotion_deadline_days,weighted_active_roadshow_share,structural_residual,dealer_model_version,structural_plus_dealer,predicted_residual_adjustment,dealer_lower,dealer_upper,dealer_selected_alpha,dealer_n_train
Category A,v0.2-structural-ridge-change-1,2024-07-2,2024-07-15,2024-07-1,91899.0,91001.0,90799.88392982824,91001.0,91209.85882352942,90889.0,86589.34787320654,95010.41998644994,100.0,340,3.0,2.0,166392.7606266835,-3152.6419292204105,,2856.3760101203,1.0,-5.100503045983608,0.0,1099.11607017176,v0.3-dealer-residual-ridge-archive-1,94463.0545466005,3663.170616772261,,,100.0,12
Category A,v0.2-structural-ridge-change-1,2024-08-1,2024-08-01,2024-07-2,94289.0,91899.0,91052.4555331397,91899.0,92109.87976539589,91001.0,86841.919476518,95262.9915897614,100.0,341,5.0,2.0,166257.3699286014,-1335.0314993700129,,2245.711885762283,1.0,-1.918880144285948,0.0,3236.5444668603013,v0.3-dealer-residual-ridge-archive-1,94215.09943180117,3162.6438986614694,,,100.0,13
Category A,v0.2-structural-ridge-change-1,2024-08-2,2024-08-15,2024-08-1,93900.0,94289.0,94831.54134911213,94289.0,94506.2514619883,91899.0,90621.00529249042,99042.07740573384,100.0,342,5.0,2.0,167198.4327573684,967.0065429271435,,4026.369773620921,1.0,-9.52684041532722,0.0,-931.541349112129,v0.3-dealer-residual-ridge-archive-1,97251.17565577185,2419.6343066597146,,,100.0,14
Category A,v0.2-structural-ridge-change-1,2024-09-1,2024-09-01,2024-08-2,96490.0,93900.0,93618.050344964,93900.0,94115.48396501457,94289.0,89407.5142883423,97828.5864015857,100.0,343,4.0,2.0,168757.28664885287,1216.3042476734543,,3830.134525016124,1.0,-1.3837555886736208,0.1491753432230719,2871.9496550360054,v0.3-dealer-residual-ridge-archive-1,95353.00190016672,1734.951555202726,,,100.0,15
Category A,v0.2-structural-ridge-change-1,2024-09-2,2024-09-15,2024-09-1,98524.0,96490.0,96287.9286034369,96490.0,96712.38662790698,93900.0,92096.24929828668,100479.60790858712,100.0,344,4.0,2.0,170147.39110712352,1402.1111486135062,,1802.6764602805088,1.0,-8.877695718532475,0.0,2236.0713965631003,v0.3-dealer-residual-ridge-archive-1,98382.93698175727,2095.008378320375,,,100.0,16
Category A,v0.2-structural-ridge-change-1,2024-10-1,2024-10-01,2024-09-2,103799.0,98524.0,98914.404351456,98524.0,98751.63768115942,96490.0,94722.72504630579,103106.08365660622,100.0,345,4.0,2.0,174045.84632778584,3897.451609985529,,1845.8845875542681,1.0,-3.1710758984958063,0.0,4884.5956485439965,v0.3-dealer-residual-ridge-archive-1,101081.07252594469,2166.6681744886837,,,100.0,17
Category A,v0.2-structural-ridge-change-1,2024-10-2,2024-10-15,2024-10-1,102900.0,103799.0,102855.90209355342,103799.0,104041.22543352601,98524.0,98645.36603693172,107066.43815017512,100.0,346,4.0,2.0,177863.23021202485,3869.5112389271935,,1881.2302473861223,1.0,-8.75490660457853,0.0,44.097906446579145,v0.3-dealer-residual-ridge-archive-1,104832.59291880192,1976.690825248502,,,100.0,18
Category A,v0.2-structural-ridge-change-1,2024-11-1,2024-11-01,2024-10-2,99889.0,102900.0,101943.14097555229,102900.0,103138.93659942363,103799.0,97732.60491893059,106153.67703217399,100.0,347,4.0,2.0,178333.0411245962,506.3302191565529,,1916.8689426351168,1.0,-1.5997759325161451,0.16244652056229805,-2054.140975552291,v0.3-dealer-residual-ridge-archive-1,103832.34218952926,1889.2012139769656,,,100.0,19
Category A,v0.2-structural-ridge-change-1,2024-11-2,2024-11-15,2024-11-1,89889.0,99889.0,98926.09639165958,99889.0,100118.59770114943,102900.0,94715.56033503788,103136.63244828128,100.0,348,4.0,2.0,176339.8127686651,-1985.4891219539932,,1925.6633918982698,1.0,-8.746854472120075,0.0,-9037.09639165958,v0.3-dealer-residual-ridge-archive-1,100762.53747888726,1836.4410872276815,,,100.0,20
Category A,v0.2-structural-ridge-change-1,2024-12-1,2024-12-01,2024-11-2,94000.0,89889.0,90746.28737626068,89889.0,90089.28653295129,99889.0,86535.75131963898,94956.82343288237,100.0,349,4.0,2.0,173459.99050955393,-3502.725800299333,52000.0,1937.9311243695263,1.0,-8.560073969579115,0.0,3253.712623739324,v0.3-dealer-residual-ridge-archive-1,91936.46038888684,1190.1730126261753,,,10.0,21
Category A,v0.2-structural-ridge-change-1,2024-12-2,2024-12-15,2024-12-1,96000.0,94000.0,93152.41946372169,94000.0,94211.46,89889.0,88941.88340709999,97362.95552034338,100.0,350,4.0,2.0,170864.48897858275,-2600.1431288404083,52000.0,1950.8951034866507,1.0,-12.135678744470168,0.0,2847.580536278314,v0.3-dealer-residual-ridge-archive-1,94796.50895072095,1644.0894869992562,,,100.0,22
Category A,v0.2-structural-ridge-change-1,2025-01-1,2025-01-01,2024-12-2,93699.0,96000.0,95840.2930187545,96000.0,96216.55555555556,94000.0,91629.75696213279,100050.82907537621,100.0,351,5.0,2.0,169520.30687599943,-435.9136502398603,,2529.3065852594855,1.0,-75.58241758241758,0.0,-2141.293018754499,v0.3-dealer-residual-ridge-archive-1,91852.50889363118,-3987.784125123316,,,100.0,23
Category A,v0.2-structural-ridge-change-1,2025-01-2,2025-01-15,2025-01-1,93601.0,93699.0,96413.74818176789,93699.0,93908.40340909091,96000.0,92203.21212514618,100624.2842383896,100.0,352,5.0,2.0,168734.90537979154,-787.1899077691562,,2540.7853122453507,1.0,-83.0145167709628,0.0,-2812.7481817678927,v0.3-dealer-residual-ridge-archive-1,96690.88862085107,277.14043908316717,85817.35114196381,107564.42609973832,100.0,24
Category A,v0.2-structural-ridge-change-1,2025-02-1,2025-02-01,2025-01-2,85000.0,93601.0,91369.20117144172,93601.0,93809.53257790368,93699.0,87158.66511482,95579.73722806343,100.0,353,3.0,2.0,169119.82712278562,-1200.4683363877014,,1188.759926695174,1.0,-2.7968502152730568,0.0,-6369.201171441717,v0.3-dealer-residual-ridge-archive-1,92774.39886028595,1405.1976888442343,81900.86138139869,103647.9363391732,100.0,25
Category A,v0.2-structural-ridge-change-1,2025-02-2,2025-02-15,2025-02-1,92850.0,85000.0,84943.85613445174,85000.0,85183.64689265536,93601.0,80733.32007783002,89154.39219107345,100.0,354,3.0,2.0,165833.21128479036,-3281.379025244223,,1197.3321558222374,1.0,-7.5411215848653805,0.0,7906.143865548263,v0.3-dealer-residual-ridge-archive-1,85968.44195034966,1024.5858158979183,78194.04309006371,93742.84081063561,100.0,26
Category A,v0.2-structural-ridge-change-1,2025-03-1,2025-03-01,2025-02-2,92730.0,92850.0,91818.36454559119,92850.0,93055.24225352112,85000.0,87582.55028899471,96054.17880218767,100.0,355,4.0,2.0,165413.4847735221,-251.30086155420966,,2010.4068924336768,1.0,-1.6803079675420096,0.1675339077028064,911.6354544088099,v0.3-dealer-residual-ridge-archive-1,92765.22117508567,946.8566294944785,84990.82231479972,100539.62003537161,100.0,27
Category A,v0.2-structural-ridge-change-1,2025-03-2,2025-03-15,2025-03-1,94502.0,92730.0,92514.96487046465,92730.0,92934.3286516854,92850.0,88279.15061386817,96750.77912706113,100.0,356,4.0,2.0,167728.58472766876,2351.002768272678,,2027.9373351052543,1.0,-8.646057499979666,0.0,1987.0351295353466,v0.3-dealer-residual-ridge-archive-1,93681.56991804742,1166.6050475827633,85907.17105776147,101455.96877833336,100.0,28
Category A,v0.2-structural-ridge-change-1,2025-04-1,2025-04-01,2025-03-2,97724.0,94502.0,94694.9964773498,94502.0,94710.71988795519,92730.0,90459.18222075333,98930.81073394629,100.0,357,5.0,2.0,169356.38740931655,1830.8026783780156,,2646.9018326180367,1.0,-2.379619447969947,0.14455948065628804,3029.003522650193,v0.3-dealer-residual-ridge-archive-1,95400.35243858425,705.3559612344429,87625.9535782983,103174.7512988702,100.0,29
Category A,v0.2-structural-ridge-change-1,2025-04-2,2025-04-15,2025-04-1,99500.0,97724.0,96896.4189854702,97724.0,97941.13687150838,94502.0,92660.60472887372,101132.23324206668,100.0,358,5.0,2.0,172350.53915736638,3026.595457646149,,2677.1839108349204,1.0,-9.243175778833734,0.15120959857499863,2603.581014529802,v0.3-dealer-residual-ridge-archive-1,97439.56744230872,543.1484568385222,89665.16858202277,105213.96630259466,100.0,30
Category A,v0.2-structural-ridge-change-1,2025-05-1,2025-05-01,2025-04-2,103009.0,99500.0,98302.51069383253,99500.0,99721.4791086351,97724.0,94091.97463721083,102513.04675045423,100.0,359,5.0,2.0,174749.39634356677,2447.223180407037,,2707.140393239048,1.0,-6.872157515252358,0.0,4706.489306167467,v0.3-dealer-residual-ridge-archive-1,99086.18732438293,783.6766305503993,92204.6292747326,105967.74537403327,100.0,31
Category A,v0.2-structural-ridge-change-1,2025-05-2,2025-05-15,2025-05-1,102501.0,103009.0,102303.52255499487,103009.0,103239.61111111111,99500.0,98067.70829839839,106539.33681159135,100.0,360,4.0,2.0,179302.56283336756,3151.0752339285063,,2154.1627501323824,1.0,-8.42717089457866,0.0,197.47744500513363,v0.3-dealer-residual-ridge-archive-1,103029.79217022765,726.2696152327783,96148.23412057731,109911.35021987799,100.0,32
Category A,v0.2-structural-ridge-change-1,2025-06-1,2025-06-01,2025-05-2,96999.0,102501.0,101755.58386441132,102501.0,102729.56509695291,103009.0,97519.76960781484,105991.3981210078,100.0,361,4.0,2.0,181106.31731386395,1864.008344030809,,2184.050064184853,1.0,-1.9027998353038063,0.0,-4756.583864411325,v0.3-dealer-residual-ridge-archive-1,102487.0690147498,731.4851503384675,95605.51096509946,109368.62706440013,100.0,33
Category A,v0.2-structural-ridge-change-1,2025-06-2,2025-06-15,2025-06-1,98124.0,96999.0,96917.64556542749,96999.0,97211.73480662983,102501.0,92656.132570514,101179.15856034098,100.0,362,4.0,2.0,179154.9693802239,-1939.3578656999343,,2190.7340474638604,1.0,-8.443025769927331,0.18214441972949064,1206.3544345725095,v0.3-dealer-residual-ridge-archive-1,97204.95935375382,287.31378832632345,90323.40130410348,104086.51740340416,100.0,34
Category A,v0.2-structural-ridge-change-1,2025-07-1,2025-07-01,2025-06-2,101102.0,98124.0,98567.20071267593,98124.0,98339.2479338843,96999.0,94305.68771776244,102828.71370758941,100.0,363,4.0,2.0,177498.666982398,-1633.7516773225984,,2197.4899360644094,1.0,-3.7961079977660948,0.0,2534.799287324073,v0.3-dealer-residual-ridge-archive-1,99326.77744152174,759.5767288458208,92445.2193918714,106208.33549117208,100.0,35
Category A,v0.2-structural-ridge-change-1,2025-07-2,2025-07-15,2025-07-1,101102.0,101102.0,100619.25920945648,101102.0,101324.83791208791,98124.0,96383.44495286,104855.07346605296,100.0,364,6.0,2.0,180012.8645225493,1332.6889264427984,,2183.7513267391273,1.0,-2.8513767262683136,0.24140375434516026,482.7407905435248,v0.3-dealer-residual-ridge-archive-1,100891.63887474411,272.3796652876274,95403.56985999431,106379.7078894939,100.0,36
Category A,v0.2-structural-ridge-change-1,2025-08-1,2025-08-01,2025-07-2,102009.0,101102.0,100643.77978828181,101102.0,101324.22739726027,101102.0,96407.96553168533,104879.5940448783,100.0,365,7.0,2.0,181327.73779664293,625.3135249855297,,1795.4852402083734,1.0,-5.8649109267477,0.0,1365.2202117181878,v0.3-dealer-residual-ridge-archive-1,101033.87945440153,390.09966611971004,95545.81043965173,106521.94846915132,100.0,37
Category A,v0.2-structural-ridge-change-1,2025-08-2,2025-08-15,2025-08-1,104524.0,102009.0,102091.6985830175,102009.0,102233.09836065574,101102.0,97855.88432642102,106327.51283961398,100.0,366,8.0,3.0,178888.5900334953,2290.1099518830624,89000.0,5960.440250430074,1.0,-6.5720092857275505,0.0,2432.3014169825037,v0.3-dealer-residual-ridge-archive-1,101752.64338963122,-339.055193386278,96264.57437488143,107240.71240438102,100.0,38
Category A,v0.2-structural-ridge-change-1,2025-09-1,2025-09-01,2025-08-2,107889.0,104524.0,103946.93883734419,104524.0,104754.34059945504,102009.0,99711.12458074771,108182.75309394067,100.0,367,10.0,3.0,178914.786331622,2887.0449678800856,92400.00000000001,10402.86628311963,1.0,-5.2570023133218085,0.22272387193312868,3942.0611626558093,v0.3-dealer-residual-ridge-archive-1,103789.07008711892,-157.86875022527943,98301.00107236912,109277.13910186871,100.0,39
Category A,v0.2-structural-ridge-change-1,2025-09-2,2025-09-15,2025-09-1,119003.0,107889.0,107397.96676252167,107889.0,108127.85869565218,104524.0,103162.15250592519,111633.78101911815,100.0,368,11.0,3.0,182913.40298118797,1741.4715715454347,94527.55656595729,15770.04511501094,1.0,-9.680968296172836,0.0,11605.033237478332,v0.3-dealer-residual-ridge-archive-1,108212.86533403018,814.8985715085084,102724.79631928039,113700.93434877998,100.0,40
Category A,v0.2-structural-ridge-change-1,2025-10-1,2025-10-01,2025-09-2,128105.0,119003.0,119165.95459014355,119003.0,119271.33062330623,107889.0,114930.14033354707,123401.76884674003,100.0,369,10.0,3.0,193596.21069384055,5196.417109769399,101227.96923221539,16204.186906262974,1.0,-13.736492804587982,0.0,8939.045409856451,v0.3-dealer-residual-ridge-archive-1,121847.06632675613,2681.1117366125786,116358.99731200634,127335.13534150593,100.0,41
Category A,v0.2-structural-ridge-change-1,2025-10-2,2025-10-15,2025-10-1,122000.0,128105.0,125586.31698225928,128105.0,128397.2054054054,119003.0,121324.80398734579,129847.82997717276,100.0,370,9.0,3.0,202077.1562304438,7063.057380227466,108078.34687634544,10322.150437794879,1.0,-8.968258073980234,0.0,-3586.3169822592754,v0.3-dealer-residual-ridge-archive-1,128751.12737012432,3164.810387865049,122493.19369688045,135009.0610433682,100.0,42
Category A,v0.2-structural-ridge-change-1,2025-11-1,2025-11-01,2025-10-2,110002.0,122000.0,120284.89051523553,122000.0,122274.96226415095,128105.0,116023.37752032204,124546.40351014902,100.0,371,10.0,3.0,201600.05629396968,705.9664713167605,110500.0,10023.799491834887,1.0,-6.923194290164836,0.3634529691908939,-10282.89051523553,v0.3-dealer-residual-ridge-archive-1,122059.342779719,1774.4522644834658,115308.21540959468,128810.47014984331,100.0,43
Category A,v0.2-structural-ridge-change-1,2025-11-2,2025-11-15,2025-11-1,109000.0,110002.0,108343.9860842806,110002.0,110243.97043010753,122000.0,103983.23101344102,112704.74115512017,100.0,372,10.0,3.0,192534.98647129472,-5301.861380573582,103225.13612546091,8614.274441395468,1.0,-7.410106996822287,0.20522037607139207,656.0139157194062,v0.3-dealer-residual-ridge-archive-1,108607.79042925402,263.80434497342094,101726.23237960368,115489.34847890436,100.0,44
Category A,v0.2-structural-ridge-change-1,2025-12-1,2025-12-01,2025-11-2,105413.0,109000.0,110208.48224626343,109000.0,109238.63538873995,110002.0,105847.72717542388,114569.23731710299,100.0,373,9.0,3.0,186541.94884814098,-4254.013533495718,97000.0,10187.36650696166,1.0,-10.43648598128794,0.10825297164698039,-4795.482246263433,v0.3-dealer-residual-ridge-archive-1,111235.09235172244,1026.6101054590151,104353.5343020721,118116.65040137278,100.0,45
Category A,v0.2-structural-ridge-change-1,2025-12-2,2025-12-15,2025-12-1,109501.0,105413.0,105016.64588627183,105413.0,105641.4064171123,109000.0,100655.89081543227,109377.40095711139,100.0,374,10.0,3.0,182007.85943603373,-1106.8861020281174,96486.33066024628,14934.01917040921,1.0,-3.9412817287488986,0.0,4484.354113728172,v0.3-dealer-residual-ridge-archive-1,106723.4244650917,1706.778578819862,99972.29709496738,113474.55183521601,100.0,46
Category A,v0.2-structural-ridge-change-1,2026-01-1,2026-01-01,2025-12-2,102009.0,109501.0,107372.66375850358,109501.0,109739.69866666666,105413.0,102950.51042447076,111794.8170925364,100.0,375,13.0,3.0,185011.4001800399,1246.7415807574089,97749.99999999999,15098.088049183627,1.0,-7.441749461759855,0.18538164345136268,-5363.663758503579,v0.3-dealer-residual-ridge-archive-1,108499.55423939718,1126.890480893604,101748.42686927287,115250.6816095215,100.0,47
Category A,v0.2-structural-ridge-change-1,2026-01-2,2026-01-15,2026-01-1,109501.0,102009.0,102803.6007215602,102009.0,102227.13829787234,109501.0,98319.50854732425,107287.69289579615,100.0,376,12.0,3.0,183703.96167963155,489.7342418984397,95709.14430513758,13741.919354753467,1.0,-10.392544637308804,0.0,6697.3992784398,v0.3-dealer-residual-ridge-archive-1,103983.56917009263,1179.9684485324256,97232.4417999683,110734.69654021694,100.0,48
Category A,v0.2-structural-ridge-change-1,2026-02-1,2026-02-01,2026-01-2,106320.0,109501.0,107673.88233800557,109501.0,109738.4323607427,102009.0,103189.5282242774,112158.23645173374,100.0,377,12.0,3.0,181916.84451840358,-551.8107523795002,96000.0,12500.874651260845,1.0,-6.475089314105082,0.0,-1353.8823380055692,v0.3-dealer-residual-ridge-archive-1,109316.48615278132,1642.6038147757565,102565.358782657,116067.61352290564,100.0,49
Category A,v0.2-structural-ridge-change-1,2026-02-2,2026-02-15,2026-02-1,106501.0,106320.0,104488.57117160989,106320.0,106548.38888888889,109501.0,100004.21705788172,108972.92528533806,100.0,378,13.0,3.0,183979.61113188288,-212.52014019963087,97974.01641046257,11888.1859828959,1.0,-5.570928392279077,0.0,2012.4288283901114,v0.3-dealer-residual-ridge-archive-1,105819.20993187482,1330.638760264937,99068.0825617505,112570.33730199914,100.0,50
Category A,v0.2-structural-ridge-change-1,2026-03-1,2026-03-01,2026-02-2,108220.0,106501.0,106013.36213270288,106501.0,106729.26385224274,106320.0,101529.26995846693,110497.45430693883,100.0,379,11.0,3.0,184007.6668884379,-619.460389854034,95826.55707053756,11598.987996389287,1.0,-10.914572656437556,0.0,2206.6378672971186,v0.3-dealer-residual-ridge-archive-1,107260.19100513837,1246.8288724354982,100769.63676574119,113750.74524453556,100.0,51
Category A,v0.2-structural-ridge-change-1,2026-03-2,2026-03-15,2026-03-1,111890.0,108220.0,108381.97333770028,108220.0,108452.18684210526,106501.0,103897.88116346434,112866.06551193623,100.0,380,7.0,3.0,186126.72367695684,1269.8328026665763,94345.44436472682,9740.20196708404,1.0,-3.794663746527587,0.13096448489284956,3508.026662299715,v0.3-dealer-residual-ridge-archive-1,108915.34078188667,533.3674441863866,102424.78654248948,115405.89502128385,100.0,52
Category A,v0.2-structural-ridge-change-1,2026-04-1,2026-04-01,2026-03-2,118000.0,111890.0,111246.76121622484,111890.0,112131.20997375328,108220.0,106762.66904198889,115730.85339046079,100.0,381,12.0,3.0,183782.47617706034,1026.8805621385131,99875.00000000001,11831.192721366897,1.0,-8.666666666666666,0.0,6753.238783775159,v0.3-dealer-residual-ridge-archive-1,112706.19444430324,1459.4332280784058,106215.64020490606,119196.74868370043,100.0,53
Category A,v0.2-structural-ridge-change-1,2026-04-2,2026-04-15,2026-04-1,123010.0,118000.0,117396.60834144951,118000.0,118256.57329842931,111890.0,112912.25422772134,121880.96245517768,100.0,382,13.0,3.0,187829.12747247334,1766.78347949371,102239.00700838339,12047.49021497009,1.0,-8.638799357807779,0.09273390085025394,5613.391658550492,v0.3-dealer-residual-ridge-archive-1,118553.85336578623,1157.2450243367275,112063.29912638904,125044.40760518341,100.0,54
Category A,v0.2-structural-ridge-change-1,2026-05-1,2026-05-01,2026-04-2,124790.0,123010.0,122335.15009131012,123010.0,123278.98433420366,118000.0,117792.15662846742,126878.14355415282,100.0,383,10.0,3.0,196760.6395259006,2468.539074571033,107000.0,11358.66471497113,1.0,-0.9977293369663934,0.0813714727169228,2454.849908689881,v0.3-dealer-residual-ridge-archive-1,123486.17182248214,1151.021731172025,116995.61758308495,129976.72606187932,100.0,55
Category A,v0.2-structural-ridge-change-1,2026-05-2,2026-05-15,2026-05-1,124229.0,124790.0,125005.61689587192,124790.0,125062.91927083333,123010.0,120521.26278214375,129489.97100960009,100.0,384,10.0,3.0,200394.01190804865,1187.213251900854,107823.42295821168,11422.324154219921,1.0,-8.591631941221635,0.0,-776.6168958719209,v0.3-dealer-residual-ridge-archive-1,126417.41077982458,1411.793883952666,120159.47710658071,132675.34445306845,100.0,56
Category A,v0.2-structural-ridge-change-1,2026-06-1,2026-06-01,2026-05-2,126009.0,124229.0,124220.5901827737,124229.0,124499.75324675324,124790.0,119736.23606904552,128704.94429650187,100.0,385,7.0,3.0,199365.44478177806,492.8468818032374,107875.0,11886.557173111387,1.0,-3.617579787045127,0.0,1788.4098172263039,v0.3-dealer-residual-ridge-archive-1,125543.90374607773,1323.3135633040433,119285.97007283386,131801.8374193216,100.0,57
Category A,v0.2-structural-ridge-change-1,2026-06-2,2026-06-15,2026-06-1,123847.0,126009.0,125609.2651899358,126009.0,126283.66321243523,124229.0,121124.91107620763,130093.61930366397,100.0,386,7.0,2.0,195517.841203371,357.0412277348359,109762.99350080694,13226.048996228928,1.0,-11.467461238634069,0.06210911655774279,-1762.2651899358025,v0.3-dealer-residual-ridge-archive-1,126732.1876580343,1122.9224680984908,120474.25398479043,132990.12133127818,100.0,58
Category A,v0.2-structural-ridge-change-1,2026-07-1,2026-07-01,2026-06-2,129000.0,123847.0,123699.21458124874,123847.0,124115.3669250646,126009.0,119214.86046752057,128183.56869497692,100.0,387,5.0,2.0,196594.88595226657,-1127.9658692375965,111166.66666666667,13014.582859779257,1.0,-2.1707043993612682,0.0,5300.785418751257,v0.3-dealer-residual-ridge-archive-1,125019.91447100232,1320.6998897535768,118761.98079775846,131277.8481442462,100.0,59
Category A,v0.2-structural-ridge-change-1,2026-07-2,2026-07-15,2026-07-1,126000.0,129000.0,128433.03308283558,129000.0,129280.956185567,123847.0,123890.03961999288,132976.02654567827,100.0,388,4.0,2.0,199527.0352545891,-1530.3638825736377,113759.56487857677,12205.541840667955,1.0,-9.592791451949427,0.11215363495825285,-2433.03308283558,v0.3-dealer-residual-ridge-archive-1,129064.68613695363,631.6530541180482,122806.75246370977,135322.6198101975,100.0,60
Category A,v0.2-structural-ridge-change-1,2026-08-1,2026-08-01,2026-07-2,123890.0,126000.0,125753.81532930846,126000.0,126272.52185089975,129000.0,121269.46121558029,130238.16944303663,100.0,389,5.0,2.0,198440.6647471469,-1931.2454193278193,114000.0,11598.989634593237,1.0,-4.651078750821298,0.0,-1863.8153293084615,v0.3-dealer-residual-ridge-archive-1,126979.04119021192,1225.2258609034657,121156.94883848948,132801.13354193437,100.0,61
Category A,v0.2-structural-ridge-change-1,2026-08-2,2026-08-15,2026-08-1,128501.0,123890.0,124687.48270183598,123890.0,124156.41282051282,126000.0,120203.12858810781,129171.83681556415,100.0,390,4.0,2.0,193981.20561356965,-3746.6182882067205,110992.11394922699,12285.161490805473,1.0,-9.741094037947402,0.10507511373957576,3813.5172981640208,v0.3-dealer-residual-ridge-archive-1,125099.2986999332,411.81599809722684,119277.20634821076,130921.39105165565,100.0,62
Category B,v0.2-structural-ridge-change-1,2024-07-2,2024-07-15,2024-07-1,100000.0,100901.0,101572.62612025284,100901.0,101129.59117647058,102334.0,96411.71755599396,106733.53468451172,100.0,340,4.0,2.0,208541.9818118838,-15970.982247184327,,1800.2748005273331,1.0,-9.166792675565729,0.0,-1572.6261202528403,v0.3-dealer-residual-ridge-archive-1,105386.58361868154,3813.957498428709,,,100.0,12
Category B,v0.2-structural-ridge-change-1,2024-08-1,2024-08-01,2024-07-2,106101.0,100000.0,99760.87748796583,100000.0,100225.27859237537,100901.0,94599.96892370695,104921.7860522247,100.0,341,5.0,2.0,217486.13095338095,5405.842083158339,,2245.711885762283,1.0,-1.918880144285948,0.0,6340.12251203417,v0.3-dealer-residual-ridge-archive-1,102581.90426725723,2821.026779291396,,,100.0,13
Category B,v0.2-structural-ridge-change-1,2024-08-2,2024-08-15,2024-08-1,105889.0,106101.0,107175.07477370137,106101.0,106343.45906432749,100000.0,101949.63651289146,112400.51303451128,100.0,342,5.0,2.0,226022.26548629478,8359.683134455478,,4026.369773620921,1.0,-9.52684041532722,0.0,-1286.0747737013735,v0.3-dealer-residual-ridge-archive-1,109312.38843744028,2137.313663738914,,,100.0,14
Category B,v0.2-structural-ridge-change-1,2024-09-1,2024-09-01,2024-08-2,106300.0,105889.0,105091.70398066932,105889.0,106130.13411078717,106101.0,99866.26571985941,110317.14224147923,100.0,343,4.0,2.0,221725.79765963327,-3117.31779231549,,3830.134525016124,1.0,-1.3837555886736208,0.1491753432230719,1208.296019330679,v0.3-dealer-residual-ridge-archive-1,107511.20227745367,2419.498296784347,,,100.0,15
Category B,v0.2-structural-ridge-change-1,2024-09-2,2024-09-15,2024-09-1,110001.0,106300.0,107766.65284715682,106300.0,106541.62790697675,105889.0,102605.74428289794,112927.56141141569,100.0,344,4.0,2.0,221991.10233419106,-94.07456565744673,,1802.6764602805088,1.0,-8.877695718532475,0.0,2234.3471528431837,v0.3-dealer-residual-ridge-archive-1,109545.00147505451,1778.3486278976895,,,100.0,16
Category B,v0.2-structural-ridge-change-1,2024-10-1,2024-10-01,2024-09-2,116002.0,110001.0,109888.89385039303,110001.0,110252.65507246376,106300.0,104727.98528613415,115049.8024146519,100.0,345,5.0,2.0,219819.83203742976,1418.9302904843646,,1373.866505099464,0.7442862432259584,-1.4517155089242622,0.0,6113.106149606974,v0.3-dealer-residual-ridge-archive-1,112972.0289673038,3083.135116910782,,,100.0,17
Category B,v0.2-structural-ridge-change-1,2024-10-2,2024-10-15,2024-10-1,113890.0,116002.0,116209.52358985107,116002.0,116270.27167630057,110001.0,110984.08532904116,121434.96185066098,100.0,346,5.0,2.0,227742.53120464977,7732.419842390508,,1398.6972871920716,0.7435013811496458,-9.921621809522962,0.0,-2319.5235898510728,v0.3-dealer-residual-ridge-archive-1,118404.33446724658,2194.8108773954978,,,100.0,18
Category B,v0.2-structural-ridge-change-1,2024-11-1,2024-11-01,2024-10-2,108001.0,113890.0,111740.8691891249,113890.0,114151.41210374639,116002.0,106515.43092831499,116966.30744993481,100.0,347,4.0,2.0,248128.0751768096,12871.343752728548,,1916.8689426351168,1.0,-1.5997759325161451,0.16244652056229805,-3739.8691891249036,v0.3-dealer-residual-ridge-archive-1,114013.53917026117,2272.6699811362573,,,100.0,19
Category B,v0.2-structural-ridge-change-1,2024-11-2,2024-11-15,2024-11-1,105081.0,108001.0,108875.48949380602,108001.0,108244.73850574713,113890.0,103650.0512329961,114100.92775461593,100.0,348,4.0,2.0,243333.346618627,-4801.345765057307,,1925.6633918982698,1.0,-8.746854472120075,0.0,-3794.489493806017,v0.3-dealer-residual-ridge-archive-1,110084.27462729198,1208.7851334859622,,,100.0,20
Category B,v0.2-structural-ridge-change-1,2024-12-1,2024-12-01,2024-11-2,103010.0,105081.0,103862.66585783857,105081.0,105315.67335243554,108001.0,98701.75729357969,109023.57442209744,100.0,349,4.0,2.0,240618.1821140175,-4987.076440096536,105081.0,1937.9311243695263,1.0,-8.560073969579115,0.0,-852.6658578385686,v0.3-dealer-residual-ridge-archive-1,104244.40101310822,381.73515526965525,,,100.0,21
Category B,v0.2-structural-ridge-change-1,2024-12-2,2024-12-15,2024-12-1,109000.0,103010.0,103312.42692946846,103010.0,103238.08571428571,105081.0,98151.51836520959,108473.33549372734,100.0,350,4.0,2.0,237288.9839811735,-3326.650467579089,105081.0,1950.8951034866507,1.0,-12.135678744470168,0.0,5687.573070531536,v0.3-dealer-residual-ridge-archive-1,103185.96983062303,-126.45709884542953,,,100.0,22
Category B,v0.2-structural-ridge-change-1,2025-01-1,2025-01-01,2024-12-2,121501.0,109000.0,107910.17987250099,109000.0,109244.50142450143,103010.0,102684.74161169108,113135.6181333109,100.0,351,5.0,2.0,238242.01788050588,1714.2026457333916,,2529.3065852594855,1.0,-75.58241758241758,0.0,13590.820127499013,v0.3-dealer-residual-ridge-archive-1,99898.41287234539,-8011.767000155602,,,100.0,23
Category B,v0.2-structural-ridge-change-1,2025-01-2,2025-01-15,2025-01-1,116625.0,121501.0,122031.7528531438,121501.0,121780.32102272728,109000.0,116674.71618249253,127388.78952379507,100.0,352,5.0,2.0,247604.00131222766,9394.280880463168,,2540.7853122453507,1.0,-83.0145167709628,0.0,-5406.7528531438,v0.3-dealer-residual-ridge-archive-1,125445.89074302254,3414.137889878736,103843.30361536793,147048.47787067713,100.0,24
Category B,v0.2-structural-ridge-change-1,2025-02-1,2025-02-01,2025-01-2,111104.0,116625.0,111325.21381163441,116625.0,116889.71671388102,121501.0,105920.38898012838,116730.03864314045,100.0,353,3.0,2.0,259336.68723274284,8593.84035837915,,1188.759926695174,1.0,-2.7968502152730568,0.0,-221.21381163441401,v0.3-dealer-residual-ridge-archive-1,112777.28590822453,1452.0720965901148,91174.69878056992,134379.87303587914,100.0,25
Category B,v0.2-structural-ridge-change-1,2025-02-2,2025-02-15,2025-02-1,109598.0,111104.0,110995.63081374217,111104.0,111352.37288135593,116625.0,105638.5941430909,116352.66748439345,100.0,354,3.0,2.0,256830.78598639395,-2487.806089907272,,1197.3321558222374,1.0,-7.5411215848653805,0.0,-1397.630813742173,v0.3-dealer-residual-ridge-archive-1,112464.38678235468,1468.7559686125085,103643.49603933214,121285.27752537721,100.0,26
Category B,v0.2-structural-ridge-change-1,2025-03-1,2025-03-01,2025-02-2,113000.0,109598.0,109180.65601264809,109598.0,109841.43098591549,111104.0,103823.61934199682,114537.69268329936,100.0,355,4.0,2.0,252231.641388723,-3083.7669538514024,,2010.4068924336768,1.0,-1.6803079675420096,0.1675339077028064,3819.343987351909,v0.3-dealer-residual-ridge-archive-1,109571.7156352564,391.05962260832075,100750.82489223387,118392.60637827894,100.0,27
Category B,v0.2-structural-ridge-change-1,2025-03-2,2025-03-15,2025-03-1,116890.0,113000.0,113268.59294640036,113000.0,113252.30337078651,109598.0,107911.55627574908,118625.62961705163,100.0,356,4.0,2.0,253167.76808331447,969.5641217320771,,2027.9373351052543,1.0,-8.646057499979666,0.0,3621.4070535996434,v0.3-dealer-residual-ridge-archive-1,114518.14705156295,1249.554105162587,105697.25630854041,123339.03779458549,100.0,28
Category B,v0.2-structural-ridge-change-1,2025-04-1,2025-04-01,2025-03-2,117899.0,116890.0,115132.40774404843,116890.0,117152.49299719887,113000.0,109775.37107339715,120489.4444146997,100.0,357,5.0,2.0,255386.03466038953,3102.7556621923704,,2646.9018326180367,1.0,-2.379619447969947,0.14455948065628804,2766.5922559515748,v0.3-dealer-residual-ridge-archive-1,115923.79876338989,791.3910193414597,107102.90802036735,124744.68950641243,100.0,29
Category B,v0.2-structural-ridge-change-1,2025-04-2,2025-04-15,2025-04-1,117003.0,117899.0,117458.3022353592,117899.0,118163.57821229051,116890.0,112101.26556470792,122815.33890601047,100.0,358,5.0,2.0,257002.36990132756,1692.175696728624,,2677.1839108349204,1.0,-9.243175778833734,0.15120959857499863,-455.30223535919504,v0.3-dealer-residual-ridge-archive-1,118462.40275099337,1004.1005156341744,109641.51200797083,127283.2934940159,100.0,30
Category B,v0.2-structural-ridge-change-1,2025-05-1,2025-05-01,2025-04-2,119890.0,117003.0,115157.36916684316,117003.0,117264.34540389972,117899.0,109931.93090603325,120382.80742765307,100.0,359,5.0,2.0,256692.65263884098,-225.59503276992064,,2707.140393239048,1.0,-6.872157515252358,0.0,4732.630833156843,v0.3-dealer-residual-ridge-archive-1,116403.92527295326,1246.5561061100989,110391.3861026921,122416.46444321443,100.0,31
Category B,v0.2-structural-ridge-change-1,2025-05-2,2025-05-15,2025-05-1,116988.0,119890.0,119945.7263551364,119890.0,120158.63888888889,117003.0,114720.28809432649,125171.16461594631,100.0,360,4.0,2.0,259421.5738697435,1191.1500299326656,,2154.1627501323824,1.0,-8.42717089457866,0.0,-2957.7263551364013,v0.3-dealer-residual-ridge-archive-1,121530.95294108179,1585.226585945393,115518.41377082063,127543.49211134296,100.0,32
Category B,v0.2-structural-ridge-change-1,2025-06-1,2025-06-01,2025-05-2,113000.0,116988.0,115999.45653344099,116988.0,117247.85595567866,119890.0,110774.01827263107,121224.8947942509,100.0,361,4.0,2.0,260150.28393774075,819.0187740693195,,2184.050064184853,1.0,-1.9027998353038063,0.0,-2999.4565334409854,v0.3-dealer-residual-ridge-archive-1,117306.28261777917,1306.8260843381806,111293.743447518,123318.82178804034,100.0,33
Category B,v0.2-structural-ridge-change-1,2025-06-2,2025-06-15,2025-06-1,116670.0,113000.0,113242.08348376192,113000.0,113248.12154696132,116988.0,108016.64522295201,118467.52174457183,100.0,362,4.0,2.0,257192.22169147513,-2949.2246625762173,,2190.7340474638604,1.0,-8.443025769927331,0.18214441972949064,3427.9165162380814,v0.3-dealer-residual-ridge-archive-1,114106.94968597873,864.8662022168182,108094.41051571757,120119.4888562399,100.0,34
Category B,v0.2-structural-ridge-change-1,2025-07-1,2025-07-01,2025-06-2,119600.0,116670.0,116769.87550282429,116670.0,116927.54820936639,113000.0,111544.43724201438,121995.3137636342,100.0,363,4.0,2.0,255843.3666429868,-1324.0587260241534,,2197.4899360644094,1.0,-3.7961079977660948,0.0,2830.1244971757114,v0.3-dealer-residual-ridge-archive-1,118009.37954999862,1239.5040471743253,111996.84037973745,124021.91872025978,100.0,35
Category B,v0.2-structural-ridge-change-1,2025-07-2,2025-07-15,2025-07-1,119101.0,119600.0,119274.58343833526,119600.0,119864.89010989011,116670.0,114113.67487407639,124435.49200259414,100.0,364,6.0,2.0,257769.7695921212,1026.1271271276698,,2183.7513267391273,1.0,-2.8513767262683136,0.24140375434516026,-173.58343833526305,v0.3-dealer-residual-ridge-archive-1,119936.5276020563,661.9441637210475,114122.49743267933,125750.55777143328,100.0,36
Category B,v0.2-structural-ridge-change-1,2025-08-1,2025-08-01,2025-07-2,123498.0,119101.0,118618.53564687911,119101.0,119363.79726027398,119600.0,113457.62708262024,123779.44421113799,100.0,365,7.0,2.0,259085.8894462667,-125.31352498552972,,1795.4852402083734,1.0,-5.8649109267477,0.0,4879.464353120886,v0.3-dealer-residual-ridge-archive-1,119334.58382796436,716.0481810852563,113520.55365858739,125148.61399734134,100.0,37
Category B,v0.2-structural-ridge-change-1,2025-08-2,2025-08-15,2025-08-1,124400.0,123498.0,123867.88021298777,123498.0,123772.09289617486,119101.0,118706.9716487289,129028.78877724665,100.0,366,8.0,3.0,253653.1223525391,8830.558578034175,99999.99999999999,7344.088628094534,1.0,-8.098992184530639,0.0,532.1197870122269,v0.3-dealer-residual-ridge-archive-1,124069.83228680961,201.95207382183776,118255.80211743264,129883.86245618659,100.0,38
Category B,v0.2-structural-ridge-change-1,2025-09-1,2025-09-01,2025-08-2,127501.0,124400.0,123423.4235555541,124400.0,124675.8038147139,123498.0,118262.51499129522,128584.33211981297,100.0,367,10.0,3.0,248344.87714455253,6250.541781687781,102800.00000000001,13409.63855421687,1.0,-4.391100175644877,0.22272387193312868,4077.5764444459055,v0.3-dealer-residual-ridge-archive-1,123326.8145137152,-96.6090418388867,117512.78434433823,129140.84468309217,100.0,39
Category B,v0.2-structural-ridge-change-1,2025-09-2,2025-09-15,2025-09-1,136890.0,127501.0,127464.42878324368,127501.0,127784.48097826086,124400.0,122303.5202189848,132625.33734750256,100.0,368,11.0,3.0,250623.9145965863,152.43117823137243,105458.92006780118,12189.438547766666,1.0,-9.680968296172836,0.0,9425.571216756318,v0.3-dealer-residual-ridge-archive-1,128671.76276251987,1207.3339792761776,122857.7325931429,134485.79293189684,100.0,40
Category B,v0.2-structural-ridge-change-1,2025-10-1,2025-10-01,2025-09-2,141000.0,136890.0,136088.0020833084,136890.0,137198.15718157182,127501.0,130927.09351904954,141248.9106475673,100.0,369,13.0,3.0,259279.1628211467,2003.3631218594762,116592.85945419648,9882.930334626726,1.0,-11.337300114587967,0.0,4911.997916691587,v0.3-dealer-residual-ridge-archive-1,139055.2803549858,2967.2782716773872,133241.2501856088,144869.31052436278,100.0,41
Category B,v0.2-structural-ridge-change-1,2025-10-2,2025-10-15,2025-10-1,131889.0,141000.0,138902.38000969833,141000.0,141318.43243243243,136890.0,133741.47144543944,144063.28857395722,100.0,370,12.0,3.0,261776.386554817,1909.510922439652,119000.0,10808.983965819587,1.0,-11.851584349956479,0.0,-7013.380009698332,v0.3-dealer-residual-ridge-archive-1,142063.0318800173,3160.6518703189795,136249.00171064032,147877.0620493943,100.0,42
Category B,v0.2-structural-ridge-change-1,2025-11-1,2025-11-01,2025-10-2,115001.0,131889.0,130365.33713828976,131889.0,132182.01617250673,141000.0,125139.89887747985,135590.7753990997,100.0,371,11.0,3.0,260359.9169519087,-224.34811285351978,116000.0,11880.164208467424,1.0,-9.027487481568244,0.3237090189567531,-15364.33713828976,v0.3-dealer-residual-ridge-archive-1,131707.97864382924,1342.6415055394855,125695.43947356807,137720.51781409042,100.0,43
Category B,v0.2-structural-ridge-change-1,2025-11-2,2025-11-15,2025-11-1,129890.0,115001.0,115895.87775048842,115001.0,115247.83064516129,131889.0,110538.84107983715,121252.91442113969,100.0,372,10.0,3.0,251374.2325269341,-4985.3558597075635,104891.0080912443,11159.012526251356,1.0,-7.410106996822287,0.20522037607139207,13994.12224951158,v0.3-dealer-residual-ridge-archive-1,115169.03761949694,-726.8401309914759,106950.80038201681,123387.27485697708,100.0,44
Category B,v0.2-structural-ridge-change-1,2025-12-1,2025-12-01,2025-11-2,123900.0,129890.0,129108.09304658484,129890.0,130176.08579088472,115001.0,123703.2682150788,134512.91787809087,100.0,373,9.0,3.0,247439.71301348475,-3603.274590253243,106500.0,11833.28715697929,1.0,-10.43648598128794,0.10825297164698039,-5208.093046584836,v0.3-dealer-residual-ridge-archive-1,130037.73891488442,929.6458682995853,121216.84817186189,138858.62965790695,100.0,45
Category B,v0.2-structural-ridge-change-1,2025-12-2,2025-12-15,2025-12-1,115102.0,123900.0,121001.10147152653,123900.0,124169.30481283422,129890.0,115644.06480087526,126358.1381421778,100.0,374,8.0,3.0,243013.96222170143,-3535.4080701679327,109938.06466352973,14423.359649163951,1.0,-6.018102319139118,0.0,-5899.101471526534,v0.3-dealer-residual-ridge-archive-1,121913.35724738902,912.2557758624936,113695.12000990889,130131.59448486916,100.0,46
Category B,v0.2-structural-ridge-change-1,2026-01-1,2026-01-01,2025-12-2,119100.0,115102.0,114524.53592668807,115102.0,115347.12533333333,123900.0,109119.71109518204,119929.3607581941,100.0,375,9.0,3.0,235621.73326094451,-6027.1508240743415,103500.0,14713.963899042883,1.0,-6.632950619869129,0.1473067603913825,4575.46407331193,v0.3-dealer-residual-ridge-archive-1,114702.037993711,177.50206702292655,106483.80075623086,122920.27523119113,100.0,47
Category B,v0.2-structural-ridge-change-1,2026-01-2,2026-01-15,2026-01-1,121634.0,119100.0,120140.35646361721,119100.0,119355.10638297872,115102.0,114735.53163211117,125545.18129512324,100.0,376,8.0,3.0,231160.70483633125,-1285.1959218438917,99999.99999999999,14955.461462546775,1.0,-10.141910436809752,0.0,1493.6435363827914,v0.3-dealer-residual-ridge-archive-1,120923.37656629583,783.0201026786269,112705.1393288157,129141.61380377597,100.0,48
Category B,v0.2-structural-ridge-change-1,2026-02-1,2026-02-01,2026-01-2,110890.0,121634.0,117852.56019437111,121634.0,121895.15119363395,119100.0,112447.73536286507,123257.38502587714,100.0,377,8.0,3.0,229513.42345325678,-1712.20612254072,102250.0,14266.838485397906,1.0,-6.661365422809449,0.0,-6962.560194371108,v0.3-dealer-residual-ridge-archive-1,118728.89512641454,876.3349320434334,110510.65788893441,126947.13236389468,100.0,49
Category B,v0.2-structural-ridge-change-1,2026-02-2,2026-02-15,2026-02-1,105001.0,110890.0,110602.19463181218,110890.0,111122.03703703704,121634.0,105195.44177866838,116008.94748495598,100.0,378,9.0,3.0,227210.3445074755,-4744.407878122152,102220.7684617704,13071.828039076885,1.0,-6.5883508350893845,0.0,-5601.194631812177,v0.3-dealer-residual-ridge-archive-1,111141.24834308396,539.0537112717838,102923.01110560383,119359.4855805641,100.0,50
Category B,v0.2-structural-ridge-change-1,2026-03-1,2026-03-01,2026-02-2,114002.0,105001.0,108114.86339066825,105001.0,105216.88654353561,110890.0,102708.11053752445,113521.61624381205,100.0,379,7.0,3.0,219706.6182851897,-6097.214442012622,99845.15037470027,14981.85012690954,1.0,-9.888927810291058,0.0,5887.136609331748,v0.3-dealer-residual-ridge-archive-1,108441.2704858442,326.4070951759503,100602.37535942966,116280.16561225874,100.0,51
Category B,v0.2-structural-ridge-change-1,2026-03-2,2026-03-15,2026-03-1,115568.0,114002.0,112952.39818217458,114002.0,114241.0052631579,105001.0,107535.35682832681,118369.43953602236,100.0,380,5.0,3.0,221991.1959024322,2138.347125185269,97506.19825927936,12310.162588394045,1.0,-3.8256704316478367,0.19357038390398823,2615.601817825416,v0.3-dealer-residual-ridge-archive-1,113099.37373694021,146.97555476562616,105260.47861052566,120938.26886335475,100.0,52
Category B,v0.2-structural-ridge-change-1,2026-04-1,2026-04-01,2026-03-2,121000.0,115568.0,112847.85479120628,115568.0,115810.48818897638,114002.0,107430.8134373585,118264.89614505405,100.0,381,7.0,3.0,223251.86261489746,3792.9078668265233,100000.0,14778.505333702235,1.0,-10.703227787745075,0.0,8152.145208793721,v0.3-dealer-residual-ridge-archive-1,113282.7219708163,434.8671796100185,105443.82684440176,121121.61709723085,100.0,53
Category B,v0.2-structural-ridge-change-1,2026-04-2,2026-04-15,2026-04-1,121001.0,121000.0,120798.87013607836,121000.0,121256.07329842931,115568.0,115370.63022124983,126227.1100509069,100.0,382,8.0,3.0,225430.7087249338,2127.011363880227,102320.15458740557,15505.92533941873,1.0,-6.2112745305249355,0.16001952965564709,202.1298639216402,v0.3-dealer-residual-ridge-archive-1,121323.69233449176,524.8221984133952,113484.79720807722,129162.5874609063,100.0,54
Category B,v0.2-structural-ridge-change-1,2026-05-1,2026-05-01,2026-04-2,126236.0,121001.0,118748.12399763563,121001.0,121256.40731070496,121000.0,113319.8840828071,124176.36391246416,100.0,383,8.0,3.0,230303.70296091802,1452.006874526361,105750.0,13313.251055537514,1.0,-1.6989638983325228,0.10832792032045033,7487.87600236437,v0.3-dealer-residual-ridge-archive-1,119303.29171388657,555.1677162509396,111464.39658747203,127142.18684030112,100.0,55
Category B,v0.2-structural-ridge-change-1,2026-05-2,2026-05-15,2026-05-1,129501.0,126236.0,125837.1535690758,126236.0,126504.375,121001.0,120408.91365424727,131265.39348390434,100.0,384,11.0,3.0,222442.50651999036,-2446.171570028048,110418.14985344549,15326.623919477766,1.0,-5.945427635904388,0.0,3663.846430924197,v0.3-dealer-residual-ridge-archive-1,126989.91259282688,1152.7590237510717,119272.63456364318,134707.19062201056,100.0,56
Category B,v0.2-structural-ridge-change-1,2026-06-1,2026-06-01,2026-05-2,126989.0,129501.0,127490.09956026243,129501.0,129777.15844155844,126236.0,122061.8596454339,132918.33947509096,100.0,385,9.0,3.0,218702.19797134117,-1747.0294638544526,113500.0,16233.32796651103,1.0,-5.666666666666668,0.0,-501.0995602624316,v0.3-dealer-residual-ridge-archive-1,129023.42959310612,1533.330032843688,121306.15156392242,136740.70762228983,100.0,57
Category B,v0.2-structural-ridge-change-1,2026-06-2,2026-06-15,2026-06-1,123502.0,126989.0,126802.89427805317,126989.0,127257.93523316062,129501.0,121374.65436322463,132231.1341928817,100.0,386,7.0,2.0,221579.24286075446,691.2694549745811,113116.87906199566,16484.659237744017,1.0,-11.467461238634069,0.06210911655774279,-3300.894278053165,v0.3-dealer-residual-ridge-archive-1,128717.83440760786,1914.940129554704,121000.55637842417,136435.11243679156,100.0,58
Category B,v0.2-structural-ridge-change-1,2026-07-1,2026-07-01,2026-06-2,130889.0,123502.0,123915.79169178156,123502.0,123761.2299741602,126989.0,118487.55177695303,129344.0316066101,100.0,387,6.0,2.0,215622.12890857743,-1455.9121660068129,111000.0,17317.02694705831,1.0,-0.6276312508048661,0.0,6973.20830821844,v0.3-dealer-residual-ridge-archive-1,125694.18832025598,1778.3966284744308,117976.91029107229,133411.4663494397,100.0,59
Category B,v0.2-structural-ridge-change-1,2026-07-2,2026-07-15,2026-07-1,129890.0,130889.0,130431.59835431183,130889.0,131166.6005154639,123502.0,124977.89119980669,135885.30550881696,100.0,388,6.0,2.0,223592.1632971683,2613.587244483547,113019.12975715354,17357.827083755947,1.0,-10.589830526540895,0.06316049677861739,-541.5983543118346,v0.3-dealer-residual-ridge-archive-1,132290.42960508133,1858.8312507694982,124573.15157589763,140007.707634265,100.0,60
Category B,v0.2-structural-ridge-change-1,2026-08-1,2026-08-01,2026-07-2,129910.0,129890.0,127106.2786220198,129890.0,130164.31876606683,130889.0,121678.03870719127,132534.51853684834,100.0,389,7.0,2.0,234918.53832403614,3094.195149012235,116500.0,16338.582919838507,0.9408573982186335,-2.3860154259588864,0.0,2803.721377980197,v0.3-dealer-residual-ridge-archive-1,128980.96869452976,1874.690072509954,122048.26040841633,135913.67698064318,100.0,61
Category B,v0.2-structural-ridge-change-1,2026-08-2,2026-08-15,2026-08-1,131001.0,129910.0,129881.71145941413,129910.0,130183.66666666667,129890.0,124453.4715445856,135309.95137424266,100.0,390,6.0,2.0,228614.9163097877,-510.5300909935466,114489.48526563599,16686.79033634333,0.8782521229654382,-10.689534963688146,0.0,1119.2885405858688,v0.3-dealer-residual-ridge-archive-1,132288.94734392667,2407.235884512551,125356.23905781325,139221.6556300401,100.0,62
