category,economy_model_version,model,observations,MAE,RMSE,direction_accuracy,interval_coverage,mean_interval_width,MAE_improvement_vs_structural,RMSE_improvement_vs_structural,MAE_improvement_vs_economy_core,RMSE_improvement_vs_economy_core
Category A,v0.8-structural-economy-financing-exact-cutoffs-post-2015-1,structural,195,2842.2412397807566,3938.6629260001832,0.6205128205128205,0.7371428571428571,7127.7083768085095,0.0,0.0,0.0043523304094236145,0.0052509808733778715
Category A,v0.8-structural-economy-financing-exact-cutoffs-post-2015-1,structural_plus_economy,195,2854.665688063654,3959.453942923495,0.6102564102564103,0.7142857142857143,6844.429508294424,-0.004371355995051293,-0.005278699222029061,0.0,0.0
Category A,v0.8-structural-economy-financing-exact-cutoffs-post-2015-1,structural_plus_economy_financing,195,2863.9465191517056,4004.624874858466,0.5948717948717949,0.7371428571428571,6886.076415623908,-0.007636677375289692,-0.01674729472858665,-0.003251109622698647,-0.011408374130908148
Category A,v0.8-structural-economy-financing-exact-cutoffs-post-2015-1,persistence,195,3005.6666666666665,4212.250881928531,0.010256410256410256,,,-0.057498788138939314,-0.06946214008878995,-0.052896204005393584,-0.06384641484638194
Category B,v0.8-structural-economy-financing-exact-cutoffs-post-2015-1,structural,195,3923.152949166477,6330.6813002190065,0.5641025641025641,0.68,8662.085818194264,0.0,0.0,-0.0033416155916768616,-0.008295686913089318
Category B,v0.8-structural-economy-financing-exact-cutoffs-post-2015-1,structural_plus_economy,195,3910.0869416773558,6278.5960332732075,0.5538461538461539,0.6685714285714286,8571.024090660329,0.0033304863864400663,0.00822743469079658,0.0,0.0
Category B,v0.8-structural-economy-financing-exact-cutoffs-post-2015-1,structural_plus_economy_financing,195,3957.160760359543,6472.383512476975,0.5384615384615384,0.6685714285714286,8583.93800790527,-0.008668489766704483,-0.022383406388356054,-0.012039072118942055,-0.030864779032891615
Category B,v0.8-structural-economy-financing-exact-cutoffs-post-2015-1,persistence,195,3981.769230769231,6364.105106788888,0.005128205128205128,,,-0.014941115567571182,-0.0052796539558428906,-0.018332658623985684,-0.013619139225159334
Category D,v0.8-structural-economy-financing-exact-cutoffs-post-2015-1,structural,195,431.2365656623478,842.7730004470529,0.5384615384615384,0.7885714285714286,1128.4166073969755,0.0,0.0,0.03822792533963942,0.009262420922182161
Category D,v0.8-structural-economy-financing-exact-cutoffs-post-2015-1,structural_plus_economy,195,448.37709164578763,850.6520982392826,0.48717948717948717,0.7714285714285715,1160.5842045879197,-0.039747385421997405,-0.00934901543838042,0.0,0.0
Category D,v0.8-structural-economy-financing-exact-cutoffs-post-2015-1,structural_plus_economy_financing,195,452.95573408336907,854.8331586157256,0.4717948717948718,0.7828571428571428,1171.5132842357154,-0.05036485806267892,-0.014310090810070146,-0.01021158868927788,-0.004915123803370464
Category D,v0.8-structural-economy-financing-exact-cutoffs-post-2015-1,persistence,195,412.6923076923077,819.5948811643282,0.015384615384615385,,,0.04300251751972261,0.027502209100706623,0.07958654583020153,0.03650989298590817
