feature_family,source_id,source_url,provider,frequency,availability_rule,revision_risk,retrieved_at
sgd_per_usd,DEXSIUS,https://fred.stlouisfed.org/series/DEXSIUS,Federal Reserve Bank of St. Louis (underlying series provider varies),daily,"observation date plus one calendar day, noon Singapore time",low for market observations; provider corrections remain possible,2026-08-24T22:10:14+08:00
vix,VIXCLS,https://fred.stlouisfed.org/series/VIXCLS,Federal Reserve Bank of St. Louis (underlying series provider varies),daily,"observation date plus one calendar day, noon Singapore time",low for market observations; provider corrections remain possible,2026-08-24T22:10:14+08:00
us_10y_yield,DGS10,https://fred.stlouisfed.org/series/DGS10,Federal Reserve Bank of St. Louis (underlying series provider varies),daily,"observation date plus one calendar day, noon Singapore time",low for market observations; provider corrections remain possible,2026-08-24T22:10:14+08:00
brent_usd,DCOILBRENTEU,https://fred.stlouisfed.org/series/DCOILBRENTEU,Federal Reserve Bank of St. Louis (underlying series provider varies),daily,"observation date plus one calendar day, noon Singapore time",low for market observations; provider corrections remain possible,2026-08-24T22:10:14+08:00
nasdaq_composite,NASDAQCOM,https://fred.stlouisfed.org/series/NASDAQCOM,Federal Reserve Bank of St. Louis (underlying series provider varies),daily,"observation date plus one calendar day, noon Singapore time",low for market observations; provider corrections remain possible,2026-08-24T22:10:14+08:00
sg_real_gdp_yoy,M015631,https://tablebuilder.singstat.gov.sg/api/table/tabledata/M015631,Singapore Department of Statistics / Ministry of Manpower,quarterly,period end plus 75 calendar days,current-vintage table may contain later revisions; no real-time vintage archive used,2026-08-24T22:10:14+08:00
sg_cpi_yoy,M213781,https://tablebuilder.singstat.gov.sg/api/table/tabledata/M213781,Singapore Department of Statistics / Ministry of Manpower,monthly,period end plus 45 calendar days,current-vintage table may contain later revisions; no real-time vintage archive used,2026-08-24T22:10:14+08:00
sg_unemployment_rate,M182342,https://tablebuilder.singstat.gov.sg/api/table/tabledata/M182342,Singapore Department of Statistics / Ministry of Manpower,quarterly,period end plus 75 calendar days,current-vintage table may contain later revisions; no real-time vintage archive used,2026-08-24T22:10:14+08:00
vehicle_hire_purchase_3y_rate,MAS-MSB-VEHICLE-HP-3Y,https://eservices.mas.gov.sg/statistics/msb/InterestRatesOfBanksAndFinanceCompanies.aspx,Monetary Authority of Singapore,monthly through April 2023,month end plus 45 calendar days; latest published value retained with explicit staleness,current-vintage legacy table; no vehicle-type split or historical publication timestamps,2026-08-24T22:10:14+08:00
