tender_id,category,forecast_cutoff_at,exercise_end_at,source_url
2024-01-1,Category A,2024-01-02T12:00:00+08:00,2024-01-04T16:00:00+08:00,https://onemotoring.lta.gov.sg/content/dam/onemotoring/Buying/PDF/COE/COE_Bidding_Schedule_for_Year_2024.pdf
2024-01-1,Category B,2024-01-02T12:00:00+08:00,2024-01-04T16:00:00+08:00,https://onemotoring.lta.gov.sg/content/dam/onemotoring/Buying/PDF/COE/COE_Bidding_Schedule_for_Year_2024.pdf
2024-01-2,Category A,2024-01-15T12:00:00+08:00,2024-01-17T16:00:00+08:00,https://onemotoring.lta.gov.sg/content/dam/onemotoring/Buying/PDF/COE/COE_Bidding_Schedule_for_Year_2024.pdf
2024-01-2,Category B,2024-01-15T12:00:00+08:00,2024-01-17T16:00:00+08:00,https://onemotoring.lta.gov.sg/content/dam/onemotoring/Buying/PDF/COE/COE_Bidding_Schedule_for_Year_2024.pdf
2024-02-1,Category A,2024-02-05T12:00:00+08:00,2024-02-07T16:00:00+08:00,https://onemotoring.lta.gov.sg/content/dam/onemotoring/Buying/PDF/COE/COE_Bidding_Schedule_for_Year_2024.pdf
2024-02-1,Category B,2024-02-05T12:00:00+08:00,2024-02-07T16:00:00+08:00,https://onemotoring.lta.gov.sg/content/dam/onemotoring/Buying/PDF/COE/COE_Bidding_Schedule_for_Year_2024.pdf
2024-02-2,Category A,2024-02-19T12:00:00+08:00,2024-02-21T16:00:00+08:00,https://onemotoring.lta.gov.sg/content/dam/onemotoring/Buying/PDF/COE/COE_Bidding_Schedule_for_Year_2024.pdf
2024-02-2,Category B,2024-02-19T12:00:00+08:00,2024-02-21T16:00:00+08:00,https://onemotoring.lta.gov.sg/content/dam/onemotoring/Buying/PDF/COE/COE_Bidding_Schedule_for_Year_2024.pdf
2024-03-1,Category A,2024-03-04T12:00:00+08:00,2024-03-06T16:00:00+08:00,https://onemotoring.lta.gov.sg/content/dam/onemotoring/Buying/PDF/COE/COE_Bidding_Schedule_for_Year_2024.pdf
2024-03-1,Category B,2024-03-04T12:00:00+08:00,2024-03-06T16:00:00+08:00,https://onemotoring.lta.gov.sg/content/dam/onemotoring/Buying/PDF/COE/COE_Bidding_Schedule_for_Year_2024.pdf
2024-03-2,Category A,2024-03-18T12:00:00+08:00,2024-03-20T16:00:00+08:00,https://onemotoring.lta.gov.sg/content/dam/onemotoring/Buying/PDF/COE/COE_Bidding_Schedule_for_Year_2024.pdf
2024-03-2,Category B,2024-03-18T12:00:00+08:00,2024-03-20T16:00:00+08:00,https://onemotoring.lta.gov.sg/content/dam/onemotoring/Buying/PDF/COE/COE_Bidding_Schedule_for_Year_2024.pdf
2024-04-1,Category A,2024-04-01T12:00:00+08:00,2024-04-03T16:00:00+08:00,https://onemotoring.lta.gov.sg/content/dam/onemotoring/Buying/PDF/COE/COE_Bidding_Schedule_for_Year_2024.pdf
2024-04-1,Category B,2024-04-01T12:00:00+08:00,2024-04-03T16:00:00+08:00,https://onemotoring.lta.gov.sg/content/dam/onemotoring/Buying/PDF/COE/COE_Bidding_Schedule_for_Year_2024.pdf
2024-04-2,Category A,2024-04-15T12:00:00+08:00,2024-04-17T16:00:00+08:00,https://onemotoring.lta.gov.sg/content/dam/onemotoring/Buying/PDF/COE/COE_Bidding_Schedule_for_Year_2024.pdf
2024-04-2,Category B,2024-04-15T12:00:00+08:00,2024-04-17T16:00:00+08:00,https://onemotoring.lta.gov.sg/content/dam/onemotoring/Buying/PDF/COE/COE_Bidding_Schedule_for_Year_2024.pdf
2024-05-1,Category A,2024-05-06T12:00:00+08:00,2024-05-08T16:00:00+08:00,https://onemotoring.lta.gov.sg/content/dam/onemotoring/Buying/PDF/COE/COE_Bidding_Schedule_for_Year_2024.pdf
2024-05-1,Category B,2024-05-06T12:00:00+08:00,2024-05-08T16:00:00+08:00,https://onemotoring.lta.gov.sg/content/dam/onemotoring/Buying/PDF/COE/COE_Bidding_Schedule_for_Year_2024.pdf
2024-05-2,Category A,2024-05-20T12:00:00+08:00,2024-05-23T16:00:00+08:00,https://onemotoring.lta.gov.sg/content/dam/onemotoring/Buying/PDF/COE/COE_Bidding_Schedule_for_Year_2024.pdf
2024-05-2,Category B,2024-05-20T12:00:00+08:00,2024-05-23T16:00:00+08:00,https://onemotoring.lta.gov.sg/content/dam/onemotoring/Buying/PDF/COE/COE_Bidding_Schedule_for_Year_2024.pdf
2024-06-1,Category A,2024-06-03T12:00:00+08:00,2024-06-05T16:00:00+08:00,https://onemotoring.lta.gov.sg/content/dam/onemotoring/Buying/PDF/COE/COE_Bidding_Schedule_for_Year_2024.pdf
2024-06-1,Category B,2024-06-03T12:00:00+08:00,2024-06-05T16:00:00+08:00,https://onemotoring.lta.gov.sg/content/dam/onemotoring/Buying/PDF/COE/COE_Bidding_Schedule_for_Year_2024.pdf
2024-06-2,Category A,2024-06-18T12:00:00+08:00,2024-06-20T16:00:00+08:00,https://onemotoring.lta.gov.sg/content/dam/onemotoring/Buying/PDF/COE/COE_Bidding_Schedule_for_Year_2024.pdf
2024-06-2,Category B,2024-06-18T12:00:00+08:00,2024-06-20T16:00:00+08:00,https://onemotoring.lta.gov.sg/content/dam/onemotoring/Buying/PDF/COE/COE_Bidding_Schedule_for_Year_2024.pdf
2024-07-1,Category A,2024-07-01T12:00:00+08:00,2024-07-03T16:00:00+08:00,https://onemotoring.lta.gov.sg/content/dam/onemotoring/Buying/PDF/COE/COE_Bidding_Schedule_for_Year_2024.pdf
2024-07-1,Category B,2024-07-01T12:00:00+08:00,2024-07-03T16:00:00+08:00,https://onemotoring.lta.gov.sg/content/dam/onemotoring/Buying/PDF/COE/COE_Bidding_Schedule_for_Year_2024.pdf
2024-07-2,Category A,2024-07-15T12:00:00+08:00,2024-07-17T16:00:00+08:00,https://onemotoring.lta.gov.sg/content/dam/onemotoring/Buying/PDF/COE/COE_Bidding_Schedule_for_Year_2024.pdf
2024-07-2,Category B,2024-07-15T12:00:00+08:00,2024-07-17T16:00:00+08:00,https://onemotoring.lta.gov.sg/content/dam/onemotoring/Buying/PDF/COE/COE_Bidding_Schedule_for_Year_2024.pdf
2024-08-1,Category A,2024-08-05T12:00:00+08:00,2024-08-07T16:00:00+08:00,https://onemotoring.lta.gov.sg/content/dam/onemotoring/Buying/PDF/COE/COE_Bidding_Schedule_for_Year_2024.pdf
2024-08-1,Category B,2024-08-05T12:00:00+08:00,2024-08-07T16:00:00+08:00,https://onemotoring.lta.gov.sg/content/dam/onemotoring/Buying/PDF/COE/COE_Bidding_Schedule_for_Year_2024.pdf
2024-08-2,Category A,2024-08-19T12:00:00+08:00,2024-08-21T16:00:00+08:00,https://onemotoring.lta.gov.sg/content/dam/onemotoring/Buying/PDF/COE/COE_Bidding_Schedule_for_Year_2024.pdf
2024-08-2,Category B,2024-08-19T12:00:00+08:00,2024-08-21T16:00:00+08:00,https://onemotoring.lta.gov.sg/content/dam/onemotoring/Buying/PDF/COE/COE_Bidding_Schedule_for_Year_2024.pdf
2024-09-1,Category A,2024-09-02T12:00:00+08:00,2024-09-04T16:00:00+08:00,https://onemotoring.lta.gov.sg/content/dam/onemotoring/Buying/PDF/COE/COE_Bidding_Schedule_for_Year_2024.pdf
2024-09-1,Category B,2024-09-02T12:00:00+08:00,2024-09-04T16:00:00+08:00,https://onemotoring.lta.gov.sg/content/dam/onemotoring/Buying/PDF/COE/COE_Bidding_Schedule_for_Year_2024.pdf
2024-09-2,Category A,2024-09-16T12:00:00+08:00,2024-09-18T16:00:00+08:00,https://onemotoring.lta.gov.sg/content/dam/onemotoring/Buying/PDF/COE/COE_Bidding_Schedule_for_Year_2024.pdf
2024-09-2,Category B,2024-09-16T12:00:00+08:00,2024-09-18T16:00:00+08:00,https://onemotoring.lta.gov.sg/content/dam/onemotoring/Buying/PDF/COE/COE_Bidding_Schedule_for_Year_2024.pdf
2024-10-1,Category A,2024-10-07T12:00:00+08:00,2024-10-09T16:00:00+08:00,https://onemotoring.lta.gov.sg/content/dam/onemotoring/Buying/PDF/COE/COE_Bidding_Schedule_for_Year_2024.pdf
2024-10-1,Category B,2024-10-07T12:00:00+08:00,2024-10-09T16:00:00+08:00,https://onemotoring.lta.gov.sg/content/dam/onemotoring/Buying/PDF/COE/COE_Bidding_Schedule_for_Year_2024.pdf
2024-10-2,Category A,2024-10-21T12:00:00+08:00,2024-10-23T16:00:00+08:00,https://onemotoring.lta.gov.sg/content/dam/onemotoring/Buying/PDF/COE/COE_Bidding_Schedule_for_Year_2024.pdf
2024-10-2,Category B,2024-10-21T12:00:00+08:00,2024-10-23T16:00:00+08:00,https://onemotoring.lta.gov.sg/content/dam/onemotoring/Buying/PDF/COE/COE_Bidding_Schedule_for_Year_2024.pdf
2024-11-1,Category A,2024-11-04T12:00:00+08:00,2024-11-06T16:00:00+08:00,https://onemotoring.lta.gov.sg/content/dam/onemotoring/Buying/PDF/COE/COE_Bidding_Schedule_for_Year_2024.pdf
2024-11-1,Category B,2024-11-04T12:00:00+08:00,2024-11-06T16:00:00+08:00,https://onemotoring.lta.gov.sg/content/dam/onemotoring/Buying/PDF/COE/COE_Bidding_Schedule_for_Year_2024.pdf
2024-11-2,Category A,2024-11-18T12:00:00+08:00,2024-11-20T16:00:00+08:00,https://onemotoring.lta.gov.sg/content/dam/onemotoring/Buying/PDF/COE/COE_Bidding_Schedule_for_Year_2024.pdf
2024-11-2,Category B,2024-11-18T12:00:00+08:00,2024-11-20T16:00:00+08:00,https://onemotoring.lta.gov.sg/content/dam/onemotoring/Buying/PDF/COE/COE_Bidding_Schedule_for_Year_2024.pdf
2024-12-1,Category A,2024-12-02T12:00:00+08:00,2024-12-04T16:00:00+08:00,https://onemotoring.lta.gov.sg/content/dam/onemotoring/Buying/PDF/COE/COE_Bidding_Schedule_for_Year_2024.pdf
2024-12-1,Category B,2024-12-02T12:00:00+08:00,2024-12-04T16:00:00+08:00,https://onemotoring.lta.gov.sg/content/dam/onemotoring/Buying/PDF/COE/COE_Bidding_Schedule_for_Year_2024.pdf
2024-12-2,Category A,2024-12-16T12:00:00+08:00,2024-12-18T16:00:00+08:00,https://onemotoring.lta.gov.sg/content/dam/onemotoring/Buying/PDF/COE/COE_Bidding_Schedule_for_Year_2024.pdf
2024-12-2,Category B,2024-12-16T12:00:00+08:00,2024-12-18T16:00:00+08:00,https://onemotoring.lta.gov.sg/content/dam/onemotoring/Buying/PDF/COE/COE_Bidding_Schedule_for_Year_2024.pdf
2025-01-1,Category A,2025-01-06T12:00:00+08:00,2025-01-08T16:00:00+08:00,https://onemotoring.lta.gov.sg/content/dam/onemotoring/Buying/PDF/COE/COE_Bidding_Schedule_for_Year_2025.pdf
2025-01-1,Category B,2025-01-06T12:00:00+08:00,2025-01-08T16:00:00+08:00,https://onemotoring.lta.gov.sg/content/dam/onemotoring/Buying/PDF/COE/COE_Bidding_Schedule_for_Year_2025.pdf
2025-01-2,Category A,2025-01-20T12:00:00+08:00,2025-01-22T16:00:00+08:00,https://onemotoring.lta.gov.sg/content/dam/onemotoring/Buying/PDF/COE/COE_Bidding_Schedule_for_Year_2025.pdf
2025-01-2,Category B,2025-01-20T12:00:00+08:00,2025-01-22T16:00:00+08:00,https://onemotoring.lta.gov.sg/content/dam/onemotoring/Buying/PDF/COE/COE_Bidding_Schedule_for_Year_2025.pdf
2025-02-1,Category A,2025-02-03T12:00:00+08:00,2025-02-05T16:00:00+08:00,https://onemotoring.lta.gov.sg/content/dam/onemotoring/Buying/PDF/COE/COE_Bidding_Schedule_for_Year_2025.pdf
2025-02-1,Category B,2025-02-03T12:00:00+08:00,2025-02-05T16:00:00+08:00,https://onemotoring.lta.gov.sg/content/dam/onemotoring/Buying/PDF/COE/COE_Bidding_Schedule_for_Year_2025.pdf
2025-02-2,Category A,2025-02-17T12:00:00+08:00,2025-02-19T16:00:00+08:00,https://onemotoring.lta.gov.sg/content/dam/onemotoring/Buying/PDF/COE/COE_Bidding_Schedule_for_Year_2025.pdf
2025-02-2,Category B,2025-02-17T12:00:00+08:00,2025-02-19T16:00:00+08:00,https://onemotoring.lta.gov.sg/content/dam/onemotoring/Buying/PDF/COE/COE_Bidding_Schedule_for_Year_2025.pdf
2025-03-1,Category A,2025-03-03T12:00:00+08:00,2025-03-05T16:00:00+08:00,https://onemotoring.lta.gov.sg/content/dam/onemotoring/Buying/PDF/COE/COE_Bidding_Schedule_for_Year_2025.pdf
2025-03-1,Category B,2025-03-03T12:00:00+08:00,2025-03-05T16:00:00+08:00,https://onemotoring.lta.gov.sg/content/dam/onemotoring/Buying/PDF/COE/COE_Bidding_Schedule_for_Year_2025.pdf
2025-03-2,Category A,2025-03-17T12:00:00+08:00,2025-03-19T16:00:00+08:00,https://onemotoring.lta.gov.sg/content/dam/onemotoring/Buying/PDF/COE/COE_Bidding_Schedule_for_Year_2025.pdf
2025-03-2,Category B,2025-03-17T12:00:00+08:00,2025-03-19T16:00:00+08:00,https://onemotoring.lta.gov.sg/content/dam/onemotoring/Buying/PDF/COE/COE_Bidding_Schedule_for_Year_2025.pdf
2025-04-1,Category A,2025-04-07T12:00:00+08:00,2025-04-09T16:00:00+08:00,https://onemotoring.lta.gov.sg/content/dam/onemotoring/Buying/PDF/COE/COE_Bidding_Schedule_for_Year_2025.pdf
2025-04-1,Category B,2025-04-07T12:00:00+08:00,2025-04-09T16:00:00+08:00,https://onemotoring.lta.gov.sg/content/dam/onemotoring/Buying/PDF/COE/COE_Bidding_Schedule_for_Year_2025.pdf
2025-04-2,Category A,2025-04-21T12:00:00+08:00,2025-04-23T16:00:00+08:00,https://onemotoring.lta.gov.sg/content/dam/onemotoring/Buying/PDF/COE/COE_Bidding_Schedule_for_Year_2025.pdf
2025-04-2,Category B,2025-04-21T12:00:00+08:00,2025-04-23T16:00:00+08:00,https://onemotoring.lta.gov.sg/content/dam/onemotoring/Buying/PDF/COE/COE_Bidding_Schedule_for_Year_2025.pdf
2025-05-1,Category A,2025-05-05T12:00:00+08:00,2025-05-07T16:00:00+08:00,https://onemotoring.lta.gov.sg/content/dam/onemotoring/Buying/PDF/COE/COE_Bidding_Schedule_for_Year_2025.pdf
2025-05-1,Category B,2025-05-05T12:00:00+08:00,2025-05-07T16:00:00+08:00,https://onemotoring.lta.gov.sg/content/dam/onemotoring/Buying/PDF/COE/COE_Bidding_Schedule_for_Year_2025.pdf
2025-05-2,Category A,2025-05-19T12:00:00+08:00,2025-05-21T16:00:00+08:00,https://onemotoring.lta.gov.sg/content/dam/onemotoring/Buying/PDF/COE/COE_Bidding_Schedule_for_Year_2025.pdf
2025-05-2,Category B,2025-05-19T12:00:00+08:00,2025-05-21T16:00:00+08:00,https://onemotoring.lta.gov.sg/content/dam/onemotoring/Buying/PDF/COE/COE_Bidding_Schedule_for_Year_2025.pdf
2025-06-1,Category A,2025-06-02T12:00:00+08:00,2025-06-04T16:00:00+08:00,https://onemotoring.lta.gov.sg/content/dam/onemotoring/Buying/PDF/COE/COE_Bidding_Schedule_for_Year_2025.pdf
2025-06-1,Category B,2025-06-02T12:00:00+08:00,2025-06-04T16:00:00+08:00,https://onemotoring.lta.gov.sg/content/dam/onemotoring/Buying/PDF/COE/COE_Bidding_Schedule_for_Year_2025.pdf
2025-06-2,Category A,2025-06-16T12:00:00+08:00,2025-06-18T16:00:00+08:00,https://onemotoring.lta.gov.sg/content/dam/onemotoring/Buying/PDF/COE/COE_Bidding_Schedule_for_Year_2025.pdf
2025-06-2,Category B,2025-06-16T12:00:00+08:00,2025-06-18T16:00:00+08:00,https://onemotoring.lta.gov.sg/content/dam/onemotoring/Buying/PDF/COE/COE_Bidding_Schedule_for_Year_2025.pdf
2025-07-1,Category A,2025-07-07T12:00:00+08:00,2025-07-09T16:00:00+08:00,https://onemotoring.lta.gov.sg/content/dam/onemotoring/Buying/PDF/COE/COE_Bidding_Schedule_for_Year_2025.pdf
2025-07-1,Category B,2025-07-07T12:00:00+08:00,2025-07-09T16:00:00+08:00,https://onemotoring.lta.gov.sg/content/dam/onemotoring/Buying/PDF/COE/COE_Bidding_Schedule_for_Year_2025.pdf
2025-07-2,Category A,2025-07-21T12:00:00+08:00,2025-07-23T16:00:00+08:00,https://onemotoring.lta.gov.sg/content/dam/onemotoring/Buying/PDF/COE/COE_Bidding_Schedule_for_Year_2025.pdf
2025-07-2,Category B,2025-07-21T12:00:00+08:00,2025-07-23T16:00:00+08:00,https://onemotoring.lta.gov.sg/content/dam/onemotoring/Buying/PDF/COE/COE_Bidding_Schedule_for_Year_2025.pdf
2025-08-1,Category A,2025-08-04T12:00:00+08:00,2025-08-06T16:00:00+08:00,https://onemotoring.lta.gov.sg/content/dam/onemotoring/Buying/PDF/COE/COE_Bidding_Schedule_for_Year_2025.pdf
2025-08-1,Category B,2025-08-04T12:00:00+08:00,2025-08-06T16:00:00+08:00,https://onemotoring.lta.gov.sg/content/dam/onemotoring/Buying/PDF/COE/COE_Bidding_Schedule_for_Year_2025.pdf
2025-08-2,Category A,2025-08-18T12:00:00+08:00,2025-08-20T16:00:00+08:00,https://onemotoring.lta.gov.sg/content/dam/onemotoring/Buying/PDF/COE/COE_Bidding_Schedule_for_Year_2025.pdf
2025-08-2,Category B,2025-08-18T12:00:00+08:00,2025-08-20T16:00:00+08:00,https://onemotoring.lta.gov.sg/content/dam/onemotoring/Buying/PDF/COE/COE_Bidding_Schedule_for_Year_2025.pdf
2025-09-1,Category A,2025-09-01T12:00:00+08:00,2025-09-03T16:00:00+08:00,https://onemotoring.lta.gov.sg/content/dam/onemotoring/Buying/PDF/COE/COE_Bidding_Schedule_for_Year_2025.pdf
2025-09-1,Category B,2025-09-01T12:00:00+08:00,2025-09-03T16:00:00+08:00,https://onemotoring.lta.gov.sg/content/dam/onemotoring/Buying/PDF/COE/COE_Bidding_Schedule_for_Year_2025.pdf
2025-09-2,Category A,2025-09-15T12:00:00+08:00,2025-09-17T16:00:00+08:00,https://onemotoring.lta.gov.sg/content/dam/onemotoring/Buying/PDF/COE/COE_Bidding_Schedule_for_Year_2025.pdf
2025-09-2,Category B,2025-09-15T12:00:00+08:00,2025-09-17T16:00:00+08:00,https://onemotoring.lta.gov.sg/content/dam/onemotoring/Buying/PDF/COE/COE_Bidding_Schedule_for_Year_2025.pdf
2025-10-1,Category A,2025-10-06T12:00:00+08:00,2025-10-08T16:00:00+08:00,https://onemotoring.lta.gov.sg/content/dam/onemotoring/Buying/PDF/COE/COE_Bidding_Schedule_for_Year_2025.pdf
2025-10-1,Category B,2025-10-06T12:00:00+08:00,2025-10-08T16:00:00+08:00,https://onemotoring.lta.gov.sg/content/dam/onemotoring/Buying/PDF/COE/COE_Bidding_Schedule_for_Year_2025.pdf
2025-10-2,Category A,2025-10-21T12:00:00+08:00,2025-10-23T16:00:00+08:00,https://onemotoring.lta.gov.sg/content/dam/onemotoring/Buying/PDF/COE/COE_Bidding_Schedule_for_Year_2025.pdf
2025-10-2,Category B,2025-10-21T12:00:00+08:00,2025-10-23T16:00:00+08:00,https://onemotoring.lta.gov.sg/content/dam/onemotoring/Buying/PDF/COE/COE_Bidding_Schedule_for_Year_2025.pdf
2025-11-1,Category A,2025-11-03T12:00:00+08:00,2025-11-05T16:00:00+08:00,https://onemotoring.lta.gov.sg/content/dam/onemotoring/Buying/PDF/COE/COE_Bidding_Schedule_for_Year_2025.pdf
2025-11-1,Category B,2025-11-03T12:00:00+08:00,2025-11-05T16:00:00+08:00,https://onemotoring.lta.gov.sg/content/dam/onemotoring/Buying/PDF/COE/COE_Bidding_Schedule_for_Year_2025.pdf
2025-11-2,Category A,2025-11-17T12:00:00+08:00,2025-11-19T16:00:00+08:00,https://onemotoring.lta.gov.sg/content/dam/onemotoring/Buying/PDF/COE/COE_Bidding_Schedule_for_Year_2025.pdf
2025-11-2,Category B,2025-11-17T12:00:00+08:00,2025-11-19T16:00:00+08:00,https://onemotoring.lta.gov.sg/content/dam/onemotoring/Buying/PDF/COE/COE_Bidding_Schedule_for_Year_2025.pdf
2025-12-1,Category A,2025-12-01T12:00:00+08:00,2025-12-03T16:00:00+08:00,https://onemotoring.lta.gov.sg/content/dam/onemotoring/Buying/PDF/COE/COE_Bidding_Schedule_for_Year_2025.pdf
2025-12-1,Category B,2025-12-01T12:00:00+08:00,2025-12-03T16:00:00+08:00,https://onemotoring.lta.gov.sg/content/dam/onemotoring/Buying/PDF/COE/COE_Bidding_Schedule_for_Year_2025.pdf
2025-12-2,Category A,2025-12-15T12:00:00+08:00,2025-12-17T16:00:00+08:00,https://onemotoring.lta.gov.sg/content/dam/onemotoring/Buying/PDF/COE/COE_Bidding_Schedule_for_Year_2025.pdf
2025-12-2,Category B,2025-12-15T12:00:00+08:00,2025-12-17T16:00:00+08:00,https://onemotoring.lta.gov.sg/content/dam/onemotoring/Buying/PDF/COE/COE_Bidding_Schedule_for_Year_2025.pdf
2026-01-1,Category A,2026-01-05T12:00:00+08:00,2026-01-07T16:00:00+08:00,https://onemotoring.lta.gov.sg/content/dam/onemotoring/pdf/Circulars%20to%20ESAs/2025/Circular%2021-2025_COE%20Bidding%20Schedule%20for%20Year%202026.pdf
2026-01-1,Category B,2026-01-05T12:00:00+08:00,2026-01-07T16:00:00+08:00,https://onemotoring.lta.gov.sg/content/dam/onemotoring/pdf/Circulars%20to%20ESAs/2025/Circular%2021-2025_COE%20Bidding%20Schedule%20for%20Year%202026.pdf
2026-01-2,Category A,2026-01-19T12:00:00+08:00,2026-01-21T16:00:00+08:00,https://onemotoring.lta.gov.sg/content/dam/onemotoring/pdf/Circulars%20to%20ESAs/2025/Circular%2021-2025_COE%20Bidding%20Schedule%20for%20Year%202026.pdf
2026-01-2,Category B,2026-01-19T12:00:00+08:00,2026-01-21T16:00:00+08:00,https://onemotoring.lta.gov.sg/content/dam/onemotoring/pdf/Circulars%20to%20ESAs/2025/Circular%2021-2025_COE%20Bidding%20Schedule%20for%20Year%202026.pdf
2026-02-1,Category A,2026-02-02T12:00:00+08:00,2026-02-04T16:00:00+08:00,https://onemotoring.lta.gov.sg/content/dam/onemotoring/pdf/Circulars%20to%20ESAs/2025/Circular%2021-2025_COE%20Bidding%20Schedule%20for%20Year%202026.pdf
2026-02-1,Category B,2026-02-02T12:00:00+08:00,2026-02-04T16:00:00+08:00,https://onemotoring.lta.gov.sg/content/dam/onemotoring/pdf/Circulars%20to%20ESAs/2025/Circular%2021-2025_COE%20Bidding%20Schedule%20for%20Year%202026.pdf
2026-02-2,Category A,2026-02-16T12:00:00+08:00,2026-02-20T16:00:00+08:00,https://onemotoring.lta.gov.sg/content/dam/onemotoring/pdf/Circulars%20to%20ESAs/2025/Circular%2021-2025_COE%20Bidding%20Schedule%20for%20Year%202026.pdf
2026-02-2,Category B,2026-02-16T12:00:00+08:00,2026-02-20T16:00:00+08:00,https://onemotoring.lta.gov.sg/content/dam/onemotoring/pdf/Circulars%20to%20ESAs/2025/Circular%2021-2025_COE%20Bidding%20Schedule%20for%20Year%202026.pdf
2026-03-1,Category A,2026-03-02T12:00:00+08:00,2026-03-04T16:00:00+08:00,https://onemotoring.lta.gov.sg/content/dam/onemotoring/pdf/Circulars%20to%20ESAs/2025/Circular%2021-2025_COE%20Bidding%20Schedule%20for%20Year%202026.pdf
2026-03-1,Category B,2026-03-02T12:00:00+08:00,2026-03-04T16:00:00+08:00,https://onemotoring.lta.gov.sg/content/dam/onemotoring/pdf/Circulars%20to%20ESAs/2025/Circular%2021-2025_COE%20Bidding%20Schedule%20for%20Year%202026.pdf
2026-03-2,Category A,2026-03-16T12:00:00+08:00,2026-03-18T16:00:00+08:00,https://onemotoring.lta.gov.sg/content/dam/onemotoring/pdf/Circulars%20to%20ESAs/2025/Circular%2021-2025_COE%20Bidding%20Schedule%20for%20Year%202026.pdf
2026-03-2,Category B,2026-03-16T12:00:00+08:00,2026-03-18T16:00:00+08:00,https://onemotoring.lta.gov.sg/content/dam/onemotoring/pdf/Circulars%20to%20ESAs/2025/Circular%2021-2025_COE%20Bidding%20Schedule%20for%20Year%202026.pdf
2026-04-1,Category A,2026-04-06T12:00:00+08:00,2026-04-08T16:00:00+08:00,https://onemotoring.lta.gov.sg/content/dam/onemotoring/pdf/Circulars%20to%20ESAs/2025/Circular%2021-2025_COE%20Bidding%20Schedule%20for%20Year%202026.pdf
2026-04-1,Category B,2026-04-06T12:00:00+08:00,2026-04-08T16:00:00+08:00,https://onemotoring.lta.gov.sg/content/dam/onemotoring/pdf/Circulars%20to%20ESAs/2025/Circular%2021-2025_COE%20Bidding%20Schedule%20for%20Year%202026.pdf
2026-04-2,Category A,2026-04-20T12:00:00+08:00,2026-04-22T16:00:00+08:00,https://onemotoring.lta.gov.sg/content/dam/onemotoring/pdf/Circulars%20to%20ESAs/2025/Circular%2021-2025_COE%20Bidding%20Schedule%20for%20Year%202026.pdf
2026-04-2,Category B,2026-04-20T12:00:00+08:00,2026-04-22T16:00:00+08:00,https://onemotoring.lta.gov.sg/content/dam/onemotoring/pdf/Circulars%20to%20ESAs/2025/Circular%2021-2025_COE%20Bidding%20Schedule%20for%20Year%202026.pdf
2026-05-1,Category A,2026-05-04T12:00:00+08:00,2026-05-06T16:00:00+08:00,https://onemotoring.lta.gov.sg/content/dam/onemotoring/pdf/Circulars%20to%20ESAs/2025/Circular%2021-2025_COE%20Bidding%20Schedule%20for%20Year%202026.pdf
2026-05-1,Category B,2026-05-04T12:00:00+08:00,2026-05-06T16:00:00+08:00,https://onemotoring.lta.gov.sg/content/dam/onemotoring/pdf/Circulars%20to%20ESAs/2025/Circular%2021-2025_COE%20Bidding%20Schedule%20for%20Year%202026.pdf
2026-05-2,Category A,2026-05-18T12:00:00+08:00,2026-05-20T16:00:00+08:00,https://onemotoring.lta.gov.sg/content/dam/onemotoring/pdf/Circulars%20to%20ESAs/2025/Circular%2021-2025_COE%20Bidding%20Schedule%20for%20Year%202026.pdf
2026-05-2,Category B,2026-05-18T12:00:00+08:00,2026-05-20T16:00:00+08:00,https://onemotoring.lta.gov.sg/content/dam/onemotoring/pdf/Circulars%20to%20ESAs/2025/Circular%2021-2025_COE%20Bidding%20Schedule%20for%20Year%202026.pdf
2026-06-1,Category A,2026-06-02T12:00:00+08:00,2026-06-04T16:00:00+08:00,https://onemotoring.lta.gov.sg/content/dam/onemotoring/pdf/Circulars%20to%20ESAs/2025/Circular%2021-2025_COE%20Bidding%20Schedule%20for%20Year%202026.pdf
2026-06-1,Category B,2026-06-02T12:00:00+08:00,2026-06-04T16:00:00+08:00,https://onemotoring.lta.gov.sg/content/dam/onemotoring/pdf/Circulars%20to%20ESAs/2025/Circular%2021-2025_COE%20Bidding%20Schedule%20for%20Year%202026.pdf
2026-06-2,Category A,2026-06-15T12:00:00+08:00,2026-06-17T16:00:00+08:00,https://onemotoring.lta.gov.sg/content/dam/onemotoring/pdf/Circulars%20to%20ESAs/2025/Circular%2021-2025_COE%20Bidding%20Schedule%20for%20Year%202026.pdf
2026-06-2,Category B,2026-06-15T12:00:00+08:00,2026-06-17T16:00:00+08:00,https://onemotoring.lta.gov.sg/content/dam/onemotoring/pdf/Circulars%20to%20ESAs/2025/Circular%2021-2025_COE%20Bidding%20Schedule%20for%20Year%202026.pdf
2026-07-1,Category A,2026-07-06T12:00:00+08:00,2026-07-08T16:00:00+08:00,https://onemotoring.lta.gov.sg/content/dam/onemotoring/pdf/Circulars%20to%20ESAs/2025/Circular%2021-2025_COE%20Bidding%20Schedule%20for%20Year%202026.pdf
2026-07-1,Category B,2026-07-06T12:00:00+08:00,2026-07-08T16:00:00+08:00,https://onemotoring.lta.gov.sg/content/dam/onemotoring/pdf/Circulars%20to%20ESAs/2025/Circular%2021-2025_COE%20Bidding%20Schedule%20for%20Year%202026.pdf
2026-07-2,Category A,2026-07-20T12:00:00+08:00,2026-07-22T16:00:00+08:00,https://onemotoring.lta.gov.sg/content/dam/onemotoring/pdf/Circulars%20to%20ESAs/2025/Circular%2021-2025_COE%20Bidding%20Schedule%20for%20Year%202026.pdf
2026-07-2,Category B,2026-07-20T12:00:00+08:00,2026-07-22T16:00:00+08:00,https://onemotoring.lta.gov.sg/content/dam/onemotoring/pdf/Circulars%20to%20ESAs/2025/Circular%2021-2025_COE%20Bidding%20Schedule%20for%20Year%202026.pdf
2026-08-1,Category A,2026-08-03T12:00:00+08:00,2026-08-05T16:00:00+08:00,https://onemotoring.lta.gov.sg/content/dam/onemotoring/pdf/Circulars%20to%20ESAs/2025/Circular%2021-2025_COE%20Bidding%20Schedule%20for%20Year%202026.pdf
2026-08-1,Category B,2026-08-03T12:00:00+08:00,2026-08-05T16:00:00+08:00,https://onemotoring.lta.gov.sg/content/dam/onemotoring/pdf/Circulars%20to%20ESAs/2025/Circular%2021-2025_COE%20Bidding%20Schedule%20for%20Year%202026.pdf
2026-08-2,Category A,2026-08-17T12:00:00+08:00,2026-08-19T16:00:00+08:00,https://onemotoring.lta.gov.sg/content/dam/onemotoring/pdf/Circulars%20to%20ESAs/2025/Circular%2021-2025_COE%20Bidding%20Schedule%20for%20Year%202026.pdf
2026-08-2,Category B,2026-08-17T12:00:00+08:00,2026-08-19T16:00:00+08:00,https://onemotoring.lta.gov.sg/content/dam/onemotoring/pdf/Circulars%20to%20ESAs/2025/Circular%2021-2025_COE%20Bidding%20Schedule%20for%20Year%202026.pdf
2026-09-1,Category A,2026-09-07T12:00:00+08:00,2026-09-09T16:00:00+08:00,https://onemotoring.lta.gov.sg/content/dam/onemotoring/pdf/Circulars%20to%20ESAs/2025/Circular%2021-2025_COE%20Bidding%20Schedule%20for%20Year%202026.pdf
2026-09-1,Category B,2026-09-07T12:00:00+08:00,2026-09-09T16:00:00+08:00,https://onemotoring.lta.gov.sg/content/dam/onemotoring/pdf/Circulars%20to%20ESAs/2025/Circular%2021-2025_COE%20Bidding%20Schedule%20for%20Year%202026.pdf
2026-09-2,Category A,2026-09-21T12:00:00+08:00,2026-09-23T16:00:00+08:00,https://onemotoring.lta.gov.sg/content/dam/onemotoring/pdf/Circulars%20to%20ESAs/2025/Circular%2021-2025_COE%20Bidding%20Schedule%20for%20Year%202026.pdf
2026-09-2,Category B,2026-09-21T12:00:00+08:00,2026-09-23T16:00:00+08:00,https://onemotoring.lta.gov.sg/content/dam/onemotoring/pdf/Circulars%20to%20ESAs/2025/Circular%2021-2025_COE%20Bidding%20Schedule%20for%20Year%202026.pdf
2026-10-1,Category A,2026-10-05T12:00:00+08:00,2026-10-07T16:00:00+08:00,https://onemotoring.lta.gov.sg/content/dam/onemotoring/pdf/Circulars%20to%20ESAs/2025/Circular%2021-2025_COE%20Bidding%20Schedule%20for%20Year%202026.pdf
2026-10-1,Category B,2026-10-05T12:00:00+08:00,2026-10-07T16:00:00+08:00,https://onemotoring.lta.gov.sg/content/dam/onemotoring/pdf/Circulars%20to%20ESAs/2025/Circular%2021-2025_COE%20Bidding%20Schedule%20for%20Year%202026.pdf
2026-10-2,Category A,2026-10-19T12:00:00+08:00,2026-10-21T16:00:00+08:00,https://onemotoring.lta.gov.sg/content/dam/onemotoring/pdf/Circulars%20to%20ESAs/2025/Circular%2021-2025_COE%20Bidding%20Schedule%20for%20Year%202026.pdf
2026-10-2,Category B,2026-10-19T12:00:00+08:00,2026-10-21T16:00:00+08:00,https://onemotoring.lta.gov.sg/content/dam/onemotoring/pdf/Circulars%20to%20ESAs/2025/Circular%2021-2025_COE%20Bidding%20Schedule%20for%20Year%202026.pdf
2026-11-1,Category A,2026-11-02T12:00:00+08:00,2026-11-04T16:00:00+08:00,https://onemotoring.lta.gov.sg/content/dam/onemotoring/pdf/Circulars%20to%20ESAs/2025/Circular%2021-2025_COE%20Bidding%20Schedule%20for%20Year%202026.pdf
2026-11-1,Category B,2026-11-02T12:00:00+08:00,2026-11-04T16:00:00+08:00,https://onemotoring.lta.gov.sg/content/dam/onemotoring/pdf/Circulars%20to%20ESAs/2025/Circular%2021-2025_COE%20Bidding%20Schedule%20for%20Year%202026.pdf
2026-11-2,Category A,2026-11-16T12:00:00+08:00,2026-11-18T16:00:00+08:00,https://onemotoring.lta.gov.sg/content/dam/onemotoring/pdf/Circulars%20to%20ESAs/2025/Circular%2021-2025_COE%20Bidding%20Schedule%20for%20Year%202026.pdf
2026-11-2,Category B,2026-11-16T12:00:00+08:00,2026-11-18T16:00:00+08:00,https://onemotoring.lta.gov.sg/content/dam/onemotoring/pdf/Circulars%20to%20ESAs/2025/Circular%2021-2025_COE%20Bidding%20Schedule%20for%20Year%202026.pdf
2026-12-1,Category A,2026-12-07T12:00:00+08:00,2026-12-09T16:00:00+08:00,https://onemotoring.lta.gov.sg/content/dam/onemotoring/pdf/Circulars%20to%20ESAs/2025/Circular%2021-2025_COE%20Bidding%20Schedule%20for%20Year%202026.pdf
2026-12-1,Category B,2026-12-07T12:00:00+08:00,2026-12-09T16:00:00+08:00,https://onemotoring.lta.gov.sg/content/dam/onemotoring/pdf/Circulars%20to%20ESAs/2025/Circular%2021-2025_COE%20Bidding%20Schedule%20for%20Year%202026.pdf
2026-12-2,Category A,2026-12-21T12:00:00+08:00,2026-12-23T16:00:00+08:00,https://onemotoring.lta.gov.sg/content/dam/onemotoring/pdf/Circulars%20to%20ESAs/2025/Circular%2021-2025_COE%20Bidding%20Schedule%20for%20Year%202026.pdf
2026-12-2,Category B,2026-12-21T12:00:00+08:00,2026-12-23T16:00:00+08:00,https://onemotoring.lta.gov.sg/content/dam/onemotoring/pdf/Circulars%20to%20ESAs/2025/Circular%2021-2025_COE%20Bidding%20Schedule%20for%20Year%202026.pdf
